"","id","name","nclients","nthreads","cc","phasing","cc_ph","rate","alpha","mix","timeout_scaling","max_timeout_ms","phase_limit","max_retries","max_op_retries","prepare_retries","lambda","throughput","avg_latency_ms","txn_count","txn_failed","stat_nbids_hist","server_bid_time_hist"
"1",1663,"v0.28.1-sampa","4",64,"boosting","on","boosting
 + phasing",50,1,"bid-heavy",5000,5000,10000,3200,80,0,"40",63736.6008146572,0.936847637222752,3839888,0,"{ ""0"": 19513, ""1"": 6455, ""2"": 2298, ""3"": 1016, ""4"": 609, ""5"": 398, ""6"": 263, ""7"": 224, ""8"": 154, ""9"": 134, ""10"": 759, ""20"": 344, ""30"": 205, ""40"": 176, ""50"": 130, ""60"": 108, ""70"": 67, ""80"": 71, ""90"": 50, ""100"": 53, ""110"": 43, ""120"": 27, ""130"": 17, ""140"": 18, ""150"": 28, ""160"": 17, ""170"": 13, ""180"": 11, ""190"": 11, ""200"": 9, ""210"": 9, ""220"": 4, ""230"": 11, ""240"": 8, ""250"": 7, ""260"": 5, ""270"": 6, ""280"": 2, ""290"": 9, ""300"": 3, ""310"": 4, ""320"": 5, ""330"": 6, ""340"": 4, ""350"": 1, ""360"": 6, ""370"": 2, ""380"": 2, ""390"": 5, ""400"": 6, ""410"": 2, ""420"": 2, ""430"": 1, ""440"": 1, ""450"": 1, ""460"": 1, ""470"": 1, ""480"": 1, ""490"": 2, ""500"": 3, ""510"": 1, ""520"": 2, ""530"": 2, ""550"": 2, ""560"": 4, ""590"": 2, ""600"": 1, ""610"": 1, ""640"": 1, ""650"": 1, ""680"": 1, ""690"": 1, ""700"": 1, ""710"": 2, ""720"": 1, ""750"": 2, ""760"": 1, ""770"": 1, ""780"": 1, ""790"": 2, ""800"": 2, ""820"": 1, ""830"": 1, ""840"": 2, ""850"": 1, ""890"": 2, ""910"": 1, ""920"": 1, ""930"": 1, ""980"": 1, ""1060"": 1, ""1130"": 1, ""1140"": 1, ""1150"": 2, ""1190"": 1, ""1290"": 1, ""1330"": 1, ""1420"": 1, ""1550"": 1, ""1570"": 1, ""1590"": 1, ""1720"": 1, ""1730"": 1, ""1760"": 2, ""1920"": 1, ""1970"": 1, ""2020"": 1, ""2090"": 1, ""2400"": 1, ""2430"": 1, ""3550"": 1, ""3580"": 1, ""3670"": 1, ""3740"": 1, ""4080"": 1, ""4790"": 1, ""5190"": 1, ""9730"": 1, ""31340"": 1 }","{'0': 257, '0.02': 194, '0.04': 145, '0.06': 122, '0.08': 149, '0.1': 153, '0.12': 140, '0.14': 175, '0.16': 224, '0.18': 247, '0.2': 286, '0.22': 294, '0.24': 317, '0.26': 359, '0.28': 361, '0.3': 338, '0.32': 450, '0.34': 520, '0.36': 622, '0.38': 703, '0.4': 738, '0.42': 743, '0.44': 892, '0.46': 1086, '0.48': 1193, '0.5': 1377, '0.52': 1658, '0.54': 1783, '0.56': 1835, '0.58': 2237, '0.6': 3667, '0.62': 3612, '0.64': 3968, '0.66': 4350, '0.68': 4629, '0.7': 5324, '0.72': 5611, '0.74': 6001, '0.76': 6483, '0.78': 7199, '0.8': 7588, '0.82': 7881, '0.84': 8867, '0.86': 9640, '0.88': 10235, '0.9': 11019, '0.92': 11915, '0.94': 12693, '0.96': 12945, '0.98': 10155, '1.1': 5365}"
"2",1664,"v0.28.1-sampa","4",64,"boosting
 + combining","on","boosting
 + combining
 + phasing",50,1,"bid-heavy",5000,5000,10000,3200,80,0,"40",65647.6993559525,0.928811999352698,3954880,0,"{ ""0"": 19168, ""1"": 6515, ""2"": 2455, ""3"": 1112, ""4"": 608, ""5"": 385, ""6"": 289, ""7"": 188, ""8"": 177, ""9"": 147, ""10"": 729, ""20"": 378, ""30"": 236, ""40"": 188, ""50"": 126, ""60"": 120, ""70"": 89, ""80"": 77, ""90"": 56, ""100"": 43, ""110"": 48, ""120"": 35, ""130"": 31, ""140"": 23, ""150"": 22, ""160"": 15, ""170"": 21, ""180"": 9, ""190"": 17, ""200"": 13, ""210"": 10, ""220"": 8, ""230"": 7, ""240"": 4, ""250"": 8, ""260"": 6, ""270"": 8, ""280"": 5, ""290"": 6, ""300"": 4, ""310"": 2, ""320"": 6, ""330"": 2, ""340"": 3, ""350"": 3, ""360"": 7, ""370"": 1, ""380"": 2, ""390"": 3, ""400"": 2, ""410"": 3, ""420"": 2, ""430"": 3, ""440"": 4, ""450"": 5, ""460"": 1, ""480"": 3, ""490"": 1, ""510"": 1, ""520"": 2, ""530"": 3, ""540"": 1, ""560"": 1, ""570"": 2, ""580"": 2, ""600"": 1, ""610"": 1, ""620"": 1, ""630"": 1, ""670"": 2, ""690"": 3, ""700"": 2, ""710"": 1, ""720"": 1, ""730"": 1, ""740"": 1, ""770"": 1, ""780"": 1, ""810"": 3, ""840"": 2, ""860"": 1, ""910"": 1, ""940"": 1, ""980"": 1, ""990"": 1, ""1030"": 1, ""1060"": 1, ""1080"": 1, ""1090"": 3, ""1140"": 1, ""1180"": 1, ""1380"": 1, ""1420"": 2, ""1440"": 1, ""1510"": 2, ""1630"": 1, ""1700"": 1, ""1750"": 1, ""1900"": 1, ""2130"": 1, ""2480"": 1, ""2940"": 1, ""3190"": 1, ""3720"": 1, ""3760"": 1, ""3800"": 1, ""5080"": 1, ""5240"": 1, ""6950"": 1, ""10570"": 1, ""11180"": 1, ""20940"": 1 }","{'0': 305, '0.02': 239, '0.04': 203, '0.06': 237, '0.08': 182, '0.1': 175, '0.12': 210, '0.14': 273, '0.16': 317, '0.18': 303, '0.2': 348, '0.22': 361, '0.24': 499, '0.26': 420, '0.28': 477, '0.3': 442, '0.32': 526, '0.34': 557, '0.36': 629, '0.38': 688, '0.4': 776, '0.42': 896, '0.44': 1154, '0.46': 1318, '0.48': 1596, '0.5': 1629, '0.52': 1921, '0.54': 2073, '0.56': 2163, '0.58': 2408, '0.6': 2540, '0.62': 2880, '0.64': 3182, '0.66': 3511, '0.68': 3867, '0.7': 4255, '0.72': 5825, '0.74': 6093, '0.76': 6527, '0.78': 7190, '0.8': 7806, '0.82': 8423, '0.84': 9401, '0.86': 9960, '0.88': 10873, '0.9': 12106, '0.92': 12797, '0.94': 13688, '0.96': 13690, '0.98': 10866, '1.1': 6538}"
"3",2033,"v0.28.1-sampa","4",64,"boosting","off","boosting",100,1,"bid-heavy",5000,500,10000,3200,1600,0,"20",49235.9585585733,1.26813332693569,3001104,0,"{ ""0"": 18942, ""1"": 5572, ""2"": 2150, ""3"": 1145, ""4"": 756, ""5"": 595, ""6"": 415, ""7"": 383, ""8"": 274, ""9"": 209, ""10"": 992, ""20"": 423, ""30"": 202, ""40"": 135, ""50"": 83, ""60"": 65, ""70"": 40, ""80"": 27, ""90"": 21, ""100"": 26, ""110"": 18, ""120"": 18, ""130"": 11, ""140"": 7, ""150"": 7, ""160"": 5, ""170"": 17, ""180"": 4, ""190"": 6, ""200"": 5, ""210"": 2, ""220"": 6, ""230"": 6, ""250"": 1, ""260"": 3, ""270"": 5, ""280"": 1, ""290"": 1, ""300"": 2, ""320"": 4, ""330"": 2, ""340"": 4, ""350"": 4, ""370"": 1, ""380"": 2, ""390"": 1, ""420"": 5, ""440"": 1, ""450"": 4, ""470"": 1, ""490"": 2, ""500"": 2, ""520"": 1, ""570"": 1, ""580"": 2, ""590"": 1, ""600"": 1, ""610"": 2, ""640"": 1, ""700"": 1, ""710"": 1, ""760"": 1, ""770"": 2, ""800"": 1, ""820"": 1, ""830"": 1, ""860"": 1, ""900"": 1, ""930"": 1, ""950"": 1, ""1030"": 1, ""1070"": 2, ""1150"": 1, ""1220"": 1, ""1400"": 1, ""1540"": 1, ""1660"": 1, ""1820"": 1, ""1940"": 1, ""2130"": 1, ""2470"": 1, ""2760"": 1, ""3560"": 1, ""5880"": 1, ""8330"": 1, ""14290"": 1, ""17040"": 1, ""23940"": 1, ""24950"": 1, ""25990"": 1 }","{'0': 150, '0.02': 164, '0.04': 96, '0.06': 94, '0.08': 78, '0.1': 95, '0.12': 101, '0.14': 85, '0.16': 101, '0.18': 118, '0.2': 86, '0.22': 101, '0.24': 196, '0.26': 272, '0.28': 294, '0.3': 330, '0.32': 325, '0.34': 369, '0.36': 422, '0.38': 535, '0.4': 589, '0.42': 622, '0.44': 628, '0.46': 676, '0.48': 849, '0.5': 978, '0.52': 927, '0.54': 901, '0.56': 984, '0.58': 841, '0.6': 832, '0.62': 897, '0.64': 948, '0.66': 951, '0.68': 1043, '0.7': 1104, '0.72': 1190, '0.74': 1353, '0.76': 1651, '0.78': 3814, '0.8': 3830, '0.82': 3552, '0.84': 3639, '0.86': 3761, '0.88': 4145, '0.9': 4205, '0.92': 4388, '0.94': 5203, '0.96': 5233, '0.98': 3790, '1.1': 7838}"
"4",2035,"v0.28.1-sampa","4",64,"boosting","on","boosting
 + phasing",100,1,"bid-heavy",5000,500,10000,3200,1600,0,"20",52642.8567882315,1.19636264410599,3180992,0,"{ ""0"": 19008, ""1"": 5543, ""2"": 2163, ""3"": 1149, ""4"": 770, ""5"": 605, ""6"": 465, ""7"": 367, ""8"": 286, ""9"": 219, ""10"": 1037, ""20"": 363, ""30"": 227, ""40"": 136, ""50"": 96, ""60"": 57, ""70"": 45, ""80"": 41, ""90"": 17, ""100"": 20, ""110"": 9, ""120"": 18, ""130"": 8, ""140"": 9, ""150"": 10, ""160"": 13, ""170"": 2, ""180"": 9, ""190"": 2, ""200"": 4, ""210"": 7, ""220"": 3, ""240"": 4, ""250"": 7, ""260"": 1, ""270"": 2, ""280"": 7, ""290"": 1, ""300"": 3, ""310"": 4, ""320"": 4, ""340"": 2, ""350"": 2, ""360"": 2, ""370"": 3, ""380"": 2, ""390"": 2, ""400"": 1, ""420"": 1, ""430"": 2, ""460"": 1, ""480"": 2, ""530"": 1, ""560"": 4, ""570"": 2, ""610"": 1, ""640"": 1, ""650"": 2, ""680"": 1, ""720"": 1, ""820"": 3, ""830"": 1, ""860"": 1, ""910"": 1, ""940"": 1, ""960"": 1, ""980"": 1, ""1110"": 1, ""1200"": 1, ""1240"": 1, ""1290"": 1, ""1300"": 1, ""1580"": 1, ""1670"": 1, ""1750"": 1, ""1860"": 1, ""1960"": 1, ""2220"": 1, ""2650"": 1, ""3110"": 1, ""3210"": 1, ""6260"": 1, ""8710"": 1, ""18710"": 1, ""20170"": 1, ""21310"": 1, ""25970"": 1, ""32780"": 1 }","{'0': 173, '0.02': 147, '0.04': 131, '0.06': 109, '0.08': 110, '0.1': 108, '0.12': 142, '0.14': 205, '0.16': 241, '0.18': 374, '0.2': 443, '0.22': 716, '0.24': 804, '0.26': 972, '0.28': 1276, '0.3': 1270, '0.32': 1313, '0.34': 1353, '0.36': 1432, '0.38': 1378, '0.4': 1062, '0.42': 1051, '0.44': 1082, '0.46': 1056, '0.48': 960, '0.5': 976, '0.52': 1090, '0.54': 1127, '0.56': 1159, '0.58': 1104, '0.6': 1147, '0.62': 1351, '0.64': 1421, '0.66': 1566, '0.68': 1629, '0.7': 1774, '0.72': 1881, '0.74': 2051, '0.76': 2050, '0.78': 2214, '0.8': 2365, '0.82': 2373, '0.84': 2524, '0.86': 2701, '0.88': 2878, '0.9': 4904, '0.92': 4746, '0.94': 4455, '0.96': 4207, '0.98': 3454, '1.1': 12579}"
